"Bene/Male","Cosmologia","Creature","Nome","Stato","Scontri"
"Male","Esterno","Oni","Demoni","A breve",""
"","","Mane","","",""
"","","Dretch","","",""
"","","Quasit","","",""
"","","Babau","","",""
"","","Demone d'Ombra","","",""
"","","Barlgura","","",""
"","","Vrock","","",""
"","","Chasme","","",""
"","","Hezrou","","",""
"","","Glabrezu","","",""
"","","Yochlol","","",""
"","","Nalfeshnee","","",""
"","","Marilith","","",""
"","","Goristro","","",""
"","","Balor","","",""
"","","Rutterkin","","",""
"","","Bulezau","","",""
"","","Dybbuk","","",""
"","","Maurezhi","","",""
"","","Alkilith","","",""
"","","Wastrilith","","",""
"","","Nabassu","","",""
"","","Sibriex","","",""
"","","Bael","","",""
"","","Molydeus","","",""
"","","Baphomet","","",""
"","","Fraz-Urb'luu","","",""
"","","Juiblex","","",""
"","","Graz'zt","","",""
"","","Yeenoghu","","",""
"","","Demogorgon","","",""
"","","Orcus","","",""
"","","Draegloth","","",""
"","","Maw Demon","","",""
"","","Gnoll zanna di Yeenoghu","","",""
"","","Shoosuva","","",""
"","","Incubo","","",""
"","","Succube","","",""
"","","Cambion","","",""
"","","Tanarukk","","",""
"Male","Esterno","Barghest","Yugoloth","Dopo",""
"","","Merrenoloth","","",""
"","","Mezzoloth","","",""
"","","Dhergoloth","","",""
"","","Canoloth","","",""
"","","Nycaloth","","",""
"","","Hydroloth","","",""
"","","Yagnoloth","","",""
"","","Arcanaloth","","",""
"","","Oinoloth","","",""
"","","Ultroloth","","",""
"Male","","Barghest","Goblin","Attivo","Goblin: 2 x Goblin Capo + 5 x Goblin"
"","","Worg","","",""
"","","Goblin","","",""
"","","Goblin Capo","","",""
"","","Goblin Nilbog","","",""
"","","Buoyahg Buoyahg Buoyahg","","",""
"","","Booyahg Caster","","",""
"","","Booyahg Frusta","","",""
"","","Booyahg Wielder","","",""
"","","","","","Goblin: 2 x Goblin Capo + 2 x Worg + 3 x Goblin"
"","","","","","Goblin: 2 x Goblin Capo + 8 x Goblin"
"","","","","","Goblin: 2 x Goblin Capo + 2 x Worg + 4 x Goblin"
"","","","","","Goblin: 6 x Goblin Capo + 7 x Goblin"
"","","","","","Goblin: 4 x Goblin Capo + 4 x Worg + 6 x Goblin"
"","","","","","Goblin: 6 x Goblin Capo + 7 x Goblin"
"","","","","","Goblin: 4 x Goblin Capo + 4 x Worg + 6 x Goblin"
"","","","","","Goblin: 8 x Goblin Capo + 7 x Goblin"
"","","","","","Goblin: 5 x Goblin Capo + 5 x Worg + 5 x Goblin"
"","","","","","Goblin: 8 x Goblin Capo + 8 x Goblin"
"","","","","","Goblin: 5 x Goblin Capo + 5 x Worg + 12 x Goblin"
"","","","","","Goblin: 9 x Goblin Capo + 9 x Goblin"
"","","","","","Goblin: 6 x Goblin Capo + 6 x Worg + 12 x Goblin"
"","","","","","Goblin: 11 x Goblin Capo + 11 x Goblin"
"","","","","","Goblin: 7 x Goblin Capo + 7 x Worg + 14 x Goblin"
"Male","","Hobgoblin","Hobgoblin","Attivo","Hobgoblin: 1 x Hobgoblin Devastatore + 1 x Hobgoblin"
"","","Hobgoblin Iorn Shadow","","",""
"","","Hobgoblin Capitano","","",""
"","","Hobgoblin Devastatore","","",""
"","","Hobgoblin Signore della Guerra","","",""
"","","","","","Hobgoblin: 1 x Hobgoblin Capitano + 2 x Hobgoblin"
"","","","","","Hobgoblin: 1 x Hobgoblin Signore della Guerra"
"","","","","","Hobgoblin: 1 x Hobgoblin Devastatore + 1 x Hobgoblin"
"","","","","","Hobgoblin: 1 x Hobgoblin Capitano + 2 x Hobgoblin"
"","","","","","Hobgoblin: 1 x Hobgoblin Signore della Guerra + 1 x Hobgoblin Capitano"
"","","","","","Hobgoblin: 1 x Hobgoblin Signore della Guerra + 2 x Hobgoblin"
"","","","","","Hobgoblin: 1 x Hobgoblin Devastatore + 7 x Hobgoblin"
"","","","","","Hobgoblin: 2 x Hobgoblin Devastatore + 1 x Hobgoblin"
"","","","","","Hobgoblin: 2 x Hobgoblin Capitano + 5 x Hobgoblin"
"","","","","","Hobgoblin: 1 x Hobgoblin Signore della Guerra + 1 x Hobgoblin Devastatore"
"","","","","","Hobgoblin: 2 x Hobgoblin Devastatore + 4 x Hobgoblin"
"","","","","","Hobgoblin: 1 x Hobgoblin Devastatore + 2 x Hobgoblin Capitano"
"","","","","","Hobgoblin: 2 x Hobgoblin Capitano + 8 x Hobgoblin"
"","","","","","Hobgoblin: 1 x Hobgoblin Signore della Guerra + 1 x Hobgoblin Capitano + 4 x Hobgoblin"
"","","","","","Hobgoblin: 1 x Hobgoblin Signore della Guerra + 1 x Hobgoblin Devastatore + 1 x Hobgoblin"
"","","","","","Hobgoblin: 1 x Hobgoblin Signore della Guerra + 6 x Hobgoblin"
"","","","","","Hobgoblin: 2 x Hobgoblin Devastatore + 5 x Hobgoblin"
"","","","","","Hobgoblin: 1 x Hobgoblin Devastatore + 2 x Hobgoblin Capitano + 4 x Hobgoblin"
"","","","","","Hobgoblin: 3 x Hobgoblin Capitano + 5 x Hobgoblin"
"","","","","","Hobgoblin: 1 x Hobgoblin Signore della Guerra + 1 x Hobgoblin Capitano + 5 x Hobgoblin"
"","","","","","Hobgoblin: 1 x Hobgoblin Signore della Guerra + 1 x Hobgoblin Devastatore + 1 x Hobgoblin Capitano"
"","","","","","Hobgoblin: 1 x Hobgoblin Devastatore + 2 x Hobgoblin Capitano + 7 x Hobgoblin"
"","","","","","Hobgoblin: 3 x Hobgoblin Capitano + 8 x Hobgoblin"
"","","","","","Hobgoblin: 1 x Hobgoblin Signore della Guerra + 1 x Hobgoblin Capitano + 8 x Hobgoblin"
"","","","","","Hobgoblin: 1 x Hobgoblin Signore della Guerra + 1 x Hobgoblin Devastatore + 2 x Hobgoblin Capitano"
"","","","","","Hobgoblin: 2 x Hobgoblin Devastatore + 2 x Hobgoblin Capitano + 3 x Hobgoblin"
"","","","","","Hobgoblin: 3 x Hobgoblin Capitano + 11 x Hobgoblin"
"","","","","","Hobgoblin: 1 x Hobgoblin Signore della Guerra + 1 x Hobgoblin Devastatore + 1 x Hobgoblin Capitano + 4 x Hobgoblin"
"","","","","","Hobgoblin: 2 x Hobgoblin Devastatore + 2 x Hobgoblin Capitano + 6 x Hobgoblin"
"","","","","","Hobgoblin: 4 x Hobgoblin Capitano + 10 x Hobgoblin"
"Male","","Bugbear","Bugbear","Attivo","Bugbear: 1 x Bugbear Chief + 1 x Bugbear"
"","","Bugbear Chief","","",""
"","","","","","Bugbear: 1 x Bugbear Chief + 2 x Bugbear"
"","","","","","Bugbear: 2 x Bugbear Chief + 3 x Bugbear"
"","","","","","Bugbear: 3 x Bugbear Chief + 3 x Bugbear"
"","","","","","Bugbear: 2 x Bugbear Chief + 5 x Bugbear"
"","","","","","Bugbear: 3 x Bugbear Chief + 4 x Bugbear"
"","","","","","Bugbear: 2 x Bugbear Chief + 6 x Bugbear"
"","","","","","Bugbear: 4 x Bugbear Chief + 3 x Bugbear"
"","","","","","Bugbear: 3 x Bugbear Chief + 6 x Bugbear"
"","","","","","Bugbear: 4 x Bugbear Chief + 4 x Bugbear"
"","","","","","Bugbear: 3 x Bugbear Chief + 7 x Bugbear"
"","","","","","Bugbear: 5 x Bugbear Chief + 4 x Bugbear"
"","","","","","Bugbear: 3 x Bugbear Chief + 9 x Bugbear"
"","","Miconide Germoglio","Miconidi","A breve",""
"","","Miconide Adulto","","",""
"","","Quaggoth Spore Servant","","",""
"","","Miconide Sovrano","","",""
"","","Vegepygmy","Vegepygmy","A breve",""
"","","Vegepygmy Thorny","","",""
"","","Vegepygmy Chief","","",""
"","","Drago d'Ombra Rosso Giovane","Draghi Cromatici","Dopo",""
"","","Drago Bianco Cucciolo","","",""
"","","Drago Bianco Giovane","","",""
"","","Drago Bianco Adulto","","",""
"","","Drago Bianco Antico","","",""
"","","Draco Guardia Bianca","","",""
"","","Draco Guardia Blu","","",""
"","","Drago Blu Cucciolo","","",""
"","","Drago Blu Giovane","","",""
"","","Drago Blu Adulto","","",""
"","","Drago Blu Antico","","",""
"","","Drago Nero Cucciolo","","",""
"","","Drago Nero Giovane","","",""
"","","Drago Nero Adulto","","",""
"","","Drago Nero Antico","","",""
"","","Draco Guardia Nera","","",""
"","","Draco Guardia Rossa","","",""
"","","Drago Rosso Cucciolo","","",""
"","","Drago Rosso Giovane","","",""
"","","Drago Rosso Adulto","","",""
"","","Drago Rosso Antico","","",""
"","","Draco Guardia Verde","","",""
"","","Drago Verde Cucciolo","","",""
"","","Drago Verde Giovane","","",""
"","","Drago Verde Adulto","","",""
"","","Drago Verde Antico","","",""
"","","Half-Red Dragon Veteran","","",""
"","","Drago d'Argento Cucciolo","Draghi Metallici","Dopo",""
"","","Drago d'Argento Giovane","","",""
"","","Drago d'Argento Adulto","","",""
"","","Drago d'Argento Antico","","",""
"","","Drago di Bronzo Cucciolo","","",""
"","","Drago di Bronzo Giovane","","",""
"","","Drago di Bronzo Adulto","","",""
"","","Drago di Bronzo Antico","","",""
"","","Drago d'Oro Cucciolo","","",""
"","","Drago d'Oro Giovane","","",""
"","","Drago d'Oro Adulto","","",""
"","","Drago d'Oro Antico","","",""
"","","Drago d'Ottone Cucciolo","","",""
"","","Drago d'Ottone Giovane","","",""
"","","Drago d'Ottone Adulto","","",""
"","","Drago d'Ottone Antico","","",""
"","","Drago di Rame Cucciolo","","",""
"","","Drago di Rame Giovane","","",""
"","","Drago di Rame Adulto","","",""
"","","Drago di Rame Antico","","",""
"","","Gnoll Witherling","Non Morti","A breve",""
"","","Alhoon","","",""
"","","Mind Flayer Lich","","",""
"","","Bone Naga Spirit","","",""
"","","Bone Naga Guardian","","",""
"","","Tiranno della Morte","","",""
"","","Spettro","","",""
"","","Sword Wraith Warrior","","",""
"","","Wight","","",""
"","","Banshee","","",""
"","","Fantasma","","",""
"","","Allip","","",""
"","","Wraith","","",""
"","","Sword Wraith Commander","","",""
"","","Ghoul","","",""
"","","Ghast","","",""
"","","Adult Blue Dracholich","","",""
"","","Demilich","","",""
"","","Lich","","",""
"","","Mummy","","",""
"","","Mummy Lord","","",""
"","","Skeleton","","",""
"","","Scheletro Cavallo da Guerra","","",""
"","","Minotaur Skeleton","","",""
"","","Flameskull","","",""
"","","Death lock Wight","","",""
"","","Death lock","","",""
"","","Death lock Mastermind ","","",""
"","","Crawling Claw","","",""
"","","Zombie","","",""
"","","Ogre Zombie","","",""
"","","Beholder Zombie","","",""
"","","Revenant","","",""
"","","Spawn of Kyuss","","",""
"","","Death Knight","","",""
"","","Shadow","","",""
"","","Fuoco Fatuo","","",""
"","","Vampiric Mist","","",""
"","","Bodak","","",""
"","","Boneclaw","","",""
"","","Eidolon","","",""
"","","Devourer","","",""
"","","Skull Lord","","",""
"","","Nightwalker","","",""
"","","Vampire Spawn","","",""
"","","Vampire","","",""
"","","Vampire Spawn","Vampiri","A breve",""
"","","Vampire","","",""
"Male","","Ciclope","Ogre","Attivo",""
"","","Half-Ogre","","",""
"","","Ogre","","",""
"","","Ogre Bolt Launcher","","",""
"","","Ogre Howdah","","",""
"","","Ogre Chain Brute","","",""
"","","Ogre Battering Ram","","",""
"Male","","Pipistrello Gigante","Orchi","Attivo","Orchi: 1 x Tanarukk"
"","","Orso Bruno","","",""
"","","Aurochs","","",""
"","","Half-Ogre","","",""
"","","Ogre","","",""
"","","Ogre Bolt Launcher","","",""
"","","Ogre Howdah","","",""
"","","Ogre Chain Brute","","",""
"","","Ogre Battering Ram","","",""
"","","Oni","","",""
"","","Troll","","",""
"","","Tanarukk","","",""
"","","Manticora","","",""
"","","Goblin","","",""
"","","Orc Nurtured One of Yurtrus","","",""
"","","Orco","","",""
"","","Orc Claw of Luthic","","",""
"","","Orc Hand of Yurtrus","","",""
"","","Orco Occhio Gruumsh","","",""
"","","Orog","","",""
"","","Orc Red Fang of Shargaas","","",""
"","","Orc Blade of Ilneval","","",""
"","","Orco Capotribù Guerriero","","",""
"","","","","","Orchi: 2 x Orc Red Fang of Shargaas"
"","","","","","Orchi: 5 x Orc Hand of Yurtrus + 7 x Orc Nurtured One of Yurtrus"
"","","","","","Orchi: 4 x Orc Red Fang of Shargaas + 6 x Pipistrello Gigante"
"","","","","","Orchi: 5 x Orog + 7 x Orco"
"","","","","","Orchi: 1 x Tanarukk + 1 x Orco Occhio Gruumsh"
"","","","","","Orchi: 3 x Orc Red Fang of Shargaas + 7 x Pipistrello Gigante"
"","","","","","Orchi: 1 x Orc Blade of Ilneval + 2 x Orco Occhio Gruumsh"
"","","","","","Orchi: 1 x Orco Capotribù Guerriero + 2 x Orco Occhio Gruumsh"
"","","","","","Orchi: 4 x Orc Hand of Yurtrus + 7 x Orc Nurtured One of Yurtrus"
"","","","","","Orchi: 3 x Orco Occhio Gruumsh + 5 x Orco"
"","","","","","Orchi: 3 x Orc Claw of Luthic + 6 x Orco"
"","","","","","Orchi: 2 x Ogre + 4 x Half-Ogre"
"","","","","","Orchi: 5 x Orog + 5 x Orco"
"","","","","","Orchi: 6 x Orco + 5 x Goblin"
"","","","","","Orchi: 1 x Tanarukk + 1 x Orco Occhio Gruumsh"
"","","","","","Orchi: 3 x Orc Red Fang of Shargaas + 5 x Pipistrello Gigante"
"","","","","","Orchi: 1 x Orc Blade of Ilneval + 2 x Orco Occhio Gruumsh"
"","","","","","Orchi: 1 x Orco Capotribù Guerriero + 2 x Orco Occhio Gruumsh"
"","","","","","Orchi: 3 x Orc Hand of Yurtrus + 7 x Orc Nurtured One of Yurtrus"
"","","","","","Orchi: 3 x Orco Occhio Gruumsh + 5 x Orco"
"","","","","","Orchi: 3 x Orc Claw of Luthic + 7 x Orco"
"","","","","","Orchi: 2 x Ogre + 4 x Half-Ogre"
"","","","","","Orchi: 3 x Orog + 7 x Orco"
"","","","","","Orchi: 6 x Orco + 6 x Goblin"
"","","","","","Orchi: 1 x Tanarukk + 5 x Orco"
"","","","","","Orchi: 3 x Orc Red Fang of Shargaas"
"","","","","","Orchi: 1 x Orc Blade of Ilneval + 7 x Orco"
"","","","","","Orchi: 1 x Orco Capotribù Guerriero + 7 x Orco"
"","","","","","Orchi: 3 x Orc Hand of Yurtrus + 5 x Orc Nurtured One of Yurtrus"
"","","","","","Orchi: 3 x Orco Occhio Gruumsh + 5 x Orco"
"","","","","","Orchi: 3 x Orc Claw of Luthic + 5 x Orco"
"","","","","","Orchi: 2 x Ogre + 3 x Half-Ogre"
"","","","","","Orchi: 3 x Orog + 5 x Orco"
"","","","","","Orchi: 6 x Orco + 10 x Goblin"
"","","","","","Orchi: 1 x Orc Hand of Yurtrus + 5 x Orc Nurtured One of Yurtrus"
"","","","","","Orchi: 1 x Orco Occhio Gruumsh + 5 x Orco"
"","","","","","Orchi: 1 x Orc Claw of Luthic + 5 x Orco"
"","","","","","Orchi: 1 x Ogre + 5 x Orco"
"","","","","","Orchi: 1 x Orog + 5 x Orco"
"","","","","","Orchi: 4 x Orco + 7 x Goblin"
"","","","","","Orchi: 1 x Orc Hand of Yurtrus + 4 x Orc Nurtured One of Yurtrus"
"","","","","","Orchi: 1 x Orco Occhio Gruumsh + 4 x Orco"
"","","","","","Orchi: 1 x Orc Claw of Luthic + 4 x Orco"
"","","","","","Orchi: 1 x Ogre + 4 x Orco"
"","","","","","Orchi: 1 x Orog + 4 x Orco"
"","","","","","Orchi: 4 x Orco + 5 x Goblin"
"","","","","","Orchi: 7 x Orog + 7 x Orco"
"","","","","","Orchi: 8 x Orco + 6 x Aurochs"
"","","","","","Orchi: 6 x Orc Hand of Yurtrus + 7 x Orc Nurtured One of Yurtrus"
"","","","","","Orchi: 4 x Orc Red Fang of Shargaas + 7 x Pipistrello Gigante"
"","","","","","Orchi: 7 x Orc Hand of Yurtrus + 7 x Orc Nurtured One of Yurtrus"
"","","","","","Orchi: 5 x Orc Red Fang of Shargaas + 7 x Pipistrello Gigante"
"","","","","","Orchi: 9 x Orco + 5 x Aurochs"
"","","","","","Orchi: 6 x Orog + 7 x Orco"
"","","","","","Orchi: 1 x Tanarukk + 3 x Orco Occhio Gruumsh + 7 x Orco"
"","","","","","Orchi: 1 x Orc Blade of Ilneval + 4 x Orco Occhio Gruumsh + 7 x Orco"
"","","","","","Orchi: 1 x Orco Capotribù Guerriero + 4 x Orco Occhio Gruumsh + 7 x Orco"
"","","","","","Orchi: 4 x Orco Occhio Gruumsh + 7 x Orco + 3 x Aurochs"
"","","","","","Orchi: 6 x Orc Claw of Luthic + 5 x Orco + 3 x Orso Bruno"
"","","","","","Orchi: 4 x Ogre + 7 x Half-Ogre + 3 x Orco"
"","","","","","Orchi: 1 x Tanarukk + 3 x Orco Occhio Gruumsh + 6 x Orco"
"","","","","","Orchi: 1 x Orc Blade of Ilneval + 3 x Orco Occhio Gruumsh + 7 x Orco"
"","","","","","Orchi: 1 x Orco Capotribù Guerriero + 3 x Orco Occhio Gruumsh + 7 x Orco"
"","","","","","Orchi: 1 x Tanarukk + 3 x Orco Occhio Gruumsh + 7 x Orco"
"","","","","","Orchi: 4 x Orco Occhio Gruumsh + 7 x Orco + 2 x Aurochs"
"","","","","","Orchi: 5 x Orc Claw of Luthic + 6 x Orco + 3 x Orso Bruno"
"","","","","","Orchi: 3 x Ogre + 6 x Half-Ogre + 5 x Orco"
"","","","","","Orchi: 1 x Tanarukk + 3 x Orco Occhio Gruumsh + 6 x Orco"
"","","","","","Orchi: 1 x Orc Blade of Ilneval + 3 x Orco Occhio Gruumsh + 7 x Orco"
"","","","","","Orchi: 1 x Orco Capotribù Guerriero + 3 x Orco Occhio Gruumsh + 7 x Orco"
"","","","","","Orchi: 1 x Tanarukk + 2 x Orco Occhio Gruumsh + 7 x Orco"
"","","","","","Orchi: 1 x Orc Blade of Ilneval + 3 x Orco Occhio Gruumsh + 6 x Orco"
"","","","","","Orchi: 1 x Orco Capotribù Guerriero + 3 x Orco Occhio Gruumsh + 6 x Orco"
"","","","","","Orchi: 4 x Orco Occhio Gruumsh + 7 x Orco + 1 x Aurochs"
"","","","","","Orchi: 4 x Orc Claw of Luthic + 6 x Orco + 2 x Orso Bruno"
"","","","","","Orchi: 2 x Ogre + 6 x Half-Ogre + 6 x Orco"
"","","","","","Orchi: 10 x Orco + 0 x Aurochs"
"Male","","Chuul","Aboleth","Dopo",""
"","","Aboleth ","","",""
"Male","","Intellect Devourer","Mind Flayer","A breve",""
"","","Mindwitness","","",""
"","","Mind Flayer","","",""
"","","Mind Flayer Arcanist","","",""
"","","Mind Flayer Psion","","",""
"","","Ulitharid","","",""
"","","Neothelid","","",""
"","","Elder Brain","","",""
"","","Ratti Cranio","","",""
"","","Alhoon","","",""
"","","Mind Flayer Lich","","",""
"","","Grimlock","","",""
"Male","Esterno","Slaad Tadpole","Slaad","A breve",""
"","","Slaad Rosso","","",""
"","","Slaad Blu","","",""
"","","Slaad Verde","","",""
"","","Slaad Grigio","","",""
"","","Slaad della Morte","","",""
"Male","Esterno","Star Spawn Grue","Star Spawn","Non attivare",""
"","","Star Spawn Mangler","","",""
"","","Star Spawn Hulk","","",""
"","","Star Spawn Seer","","",""
"","","Star Spawn Larva ","","",""
"Bene","Esterno","Githzerai Monaco","Githzerai","A breve",""
"","","Githzerai Zerth","","",""
"","","Githzerai Enlightened","","",""
"","","Githzerai Anarch","","",""
"Male","Esterno","Githyanki Guerriero","Githyanki","A breve",""
"","","Githyanki Cavalliere","","",""
"","","Githyanki Gish","","",""
"","","Githyanki Kith'rak","","",""
"","","Githyanki Supreme Commander","","",""
"Male","","Sahuagin","Sahuagin","A breve",""
"","","Sahuagin Sacerdotessa","","",""
"","","Sahuagin Barone","","",""
"","","Gigante Strider","Firenewt","Non attivare",""
"","","Firenewt Warriror","","",""
"","","Firenewt Warlock of Imix","","",""
"Male","","Lucertoloide","Lucertoloidi","Attivo","Lucertoloidi: 1 x Lucertoloide Sciamano + 4 x Lucertoloide"
"","","Lucertoloide Sciamano","","",""
"","","Lucertoloide Re","","",""
"","","Lucertoloide Regina","","",""
"","","","","","Lucertoloidi: 2 x Lucertoloide Sciamano + 1 x Lucertoloide"
"","","","","","Lucertoloidi: 1 x Lucertoloide Re + 1 x Lucertoloide"
"","","","","","Lucertoloidi: 1 x Lucertoloide Sciamano + 5 x Lucertoloide"
"","","","","","Lucertoloidi: 2 x Lucertoloide Sciamano + 2 x Lucertoloide"
"","","","","","Lucertoloidi: 1 x Lucertoloide Re + 1 x Lucertoloide Sciamano"
"","","","","","Lucertoloidi: 1 x Lucertoloide Re + 1 x Lucertoloide"
"","","","","","Lucertoloidi: 1 x Lucertoloide Regina + 1 x Lucertoloide Sciamano"
"","","","","","Lucertoloidi: 1 x Lucertoloide Regina + 1 x Lucertoloide"
"","","","","","Lucertoloidi: 3 x Lucertoloide Sciamano + 4 x Lucertoloide"
"","","","","","Lucertoloidi: 2 x Lucertoloide Sciamano + 8 x Lucertoloide"
"","","","","","Lucertoloidi: 1 x Lucertoloide Re + 2 x Lucertoloide Sciamano"
"","","","","","Lucertoloidi: 1 x Lucertoloide Re + 6 x Lucertoloide"
"","","","","","Lucertoloidi: 1 x Lucertoloide Regina + 2 x Lucertoloide Sciamano"
"","","","","","Lucertoloidi: 1 x Lucertoloide Regina + 6 x Lucertoloide"
"","","","","","Lucertoloidi: 1 x Lucertoloide Re + 1 x Lucertoloide Sciamano + 4 x Lucertoloide"
"","","","","","Lucertoloidi: 1 x Lucertoloide Regina + 1 x Lucertoloide Sciamano + 4 x Lucertoloide"
"","","","","","Lucertoloidi: 1 x Lucertoloide Re + 2 x Lucertoloide Sciamano + 2 x Lucertoloide"
"","","","","","Lucertoloidi: 1 x Lucertoloide Regina + 2 x Lucertoloide Sciamano + 2 x Lucertoloide"
"","","","","","Lucertoloidi: 4 x Lucertoloide Sciamano + 4 x Lucertoloide"
"","","","","","Lucertoloidi: 3 x Lucertoloide Sciamano + 7 x Lucertoloide"
"","","","","","Lucertoloidi: 1 x Lucertoloide Re + 4 x Lucertoloide Sciamano"
"","","","","","Lucertoloidi: 1 x Lucertoloide Re + 9 x Lucertoloide"
"","","","","","Lucertoloidi: 1 x Lucertoloide Regina + 4 x Lucertoloide Sciamano"
"","","","","","Lucertoloidi: 1 x Lucertoloide Regina + 9 x Lucertoloide"
"","","","","","Lucertoloidi: 1 x Lucertoloide Re + 1 x Lucertoloide Sciamano + 8 x Lucertoloide"
"","","","","","Lucertoloidi: 1 x Lucertoloide Regina + 1 x Lucertoloide Sciamano + 8 x Lucertoloide"
"","","","","","Lucertoloidi: 1 x Lucertoloide Re + 2 x Lucertoloide Sciamano + 4 x Lucertoloide"
"","","","","","Lucertoloidi: 1 x Lucertoloide Regina + 2 x Lucertoloide Sciamano + 4 x Lucertoloide"
"","","","","","Lucertoloidi: 5 x Lucertoloide Sciamano + 5 x Lucertoloide"
"","","","","","Lucertoloidi: 3 x Lucertoloide Sciamano + 9 x Lucertoloide"
"","","","","","Lucertoloidi: 1 x Lucertoloide Re + 5 x Lucertoloide Sciamano"
"","","","","","Lucertoloidi: 1 x Lucertoloide Re + 11 x Lucertoloide"
"","","","","","Lucertoloidi: 1 x Lucertoloide Regina + 5 x Lucertoloide Sciamano"
"","","","","","Lucertoloidi: 1 x Lucertoloide Regina + 11 x Lucertoloide"
"","","","","","Lucertoloidi: 1 x Lucertoloide Re + 2 x Lucertoloide Sciamano + 6 x Lucertoloide"
"","","","","","Lucertoloidi: 1 x Lucertoloide Regina + 2 x Lucertoloide Sciamano + 6 x Lucertoloide"
"","","","","","Lucertoloidi: 5 x Lucertoloide Sciamano + 6 x Lucertoloide"
"","","","","","Lucertoloidi: 5 x Lucertoloide Sciamano + 6 x Lucertoloide"
"","","","","","Lucertoloidi: 1 x Lucertoloide Re + 1 x Lucertoloide Regina + 2 x Lucertoloide Sciamano + 3 x Lucertoloide"
"","","","","","Lucertoloidi: 1 x Lucertoloide Re + 2 x Lucertoloide Sciamano + 8 x Lucertoloide"
"","","","","","Lucertoloidi: 1 x Lucertoloide Regina + 2 x Lucertoloide Sciamano + 8 x Lucertoloide"
"","","","","","Lucertoloidi: 6 x Lucertoloide Sciamano + 5 x Lucertoloide"
"","","","","","Lucertoloidi: 6 x Lucertoloide Sciamano + 5 x Lucertoloide"
"","","","","","Lucertoloidi: 1 x Lucertoloide Re + 6 x Lucertoloide Sciamano"
"","","","","","Lucertoloidi: 1 x Lucertoloide Regina + 6 x Lucertoloide Sciamano"
"","","","","","Lucertoloidi: 1 x Lucertoloide Re + 3 x Lucertoloide Sciamano + 8 x Lucertoloide"
"","","","","","Lucertoloidi: 1 x Lucertoloide Regina + 3 x Lucertoloide Sciamano + 8 x Lucertoloide"
"","","","","","Lucertoloidi: 1 x Lucertoloide Re + 1 x Lucertoloide Regina + 2 x Lucertoloide Sciamano + 6 x Lucertoloide"
"","","","","","Lucertoloidi: 7 x Lucertoloide Sciamano + 6 x Lucertoloide"
"","","","","","Lucertoloidi: 7 x Lucertoloide Sciamano + 6 x Lucertoloide"
"","","","","","Lucertoloidi: 1 x Lucertoloide Re + 8 x Lucertoloide Sciamano"
"","","","","","Lucertoloidi: 1 x Lucertoloide Regina + 8 x Lucertoloide Sciamano"
"","","","","","Lucertoloidi: 1 x Lucertoloide Re + 4 x Lucertoloide Sciamano + 8 x Lucertoloide"
"","","","","","Lucertoloidi: 1 x Lucertoloide Regina + 4 x Lucertoloide Sciamano + 8 x Lucertoloide"
"","","","","","Lucertoloidi: 1 x Lucertoloide Re + 1 x Lucertoloide Regina + 4 x Lucertoloide Sciamano + 4 x Lucertoloide"
"Male","","Neogi Hatchling","Neogi","Dopo",""
"","","Neogi","","",""
"","","Neogi Master","","",""
"","","Gray Render","","",""
"Male","","Yuan-ti Malison 3","Yuan-Ti","Attivo",""
"","","Yuan-ti Mind Whisperer","","",""
"","","Yuan-ti Nightmare Speaker","","",""
"","","Yuan-ti Pit Master","","",""
"","","Yuan-Ti Abominio","","",""
"","","Yuan-ti Malison 1","","",""
"","","Yuan-ti Malison 2","","",""
"","","Yuan-ti Anathema","","",""
"","","Yuan-Ti Sangue Puro","","",""
"","","Yuan-Ti Broodguard","","",""
"Male","","Coboldo","Coboldi","Attivo","Coboldi: 2 x Coboldo Scale Sorcerer + 3 x Coboldo Alato + 4 x Coboldo"
"","","Coboldo Alato","","",""
"","","Coboldo Inventore","","",""
"","","Coboldo Dragonshield","","",""
"","","Coboldo Scale Sorcerer","","",""
"","","","","","Coboldi: 2 x Coboldo Dragonshield + 3 x Coboldo Alato + 4 x Coboldo"
"","","","","","Coboldi: 1 x Coboldo Scale Sorcerer + 1 x Coboldo Dragonshield + 3 x Coboldo Alato + 4 x Coboldo"
"","","","","","Coboldi: 2 x Coboldo Scale Sorcerer + 3 x Coboldo Inventore + 4 x Coboldo"
"","","","","","Coboldi: 2 x Coboldo Dragonshield + 3 x Coboldo Inventore + 4 x Coboldo"
"","","","","","Coboldi: 1 x Coboldo Scale Sorcerer + 1 x Coboldo Dragonshield + 3 x Coboldo Inventore + 4 x Coboldo"
"","","","","","Coboldi: 2 x Coboldo Scale Sorcerer + 4 x Coboldo Alato + 5 x Coboldo"
"","","","","","Coboldi: 2 x Coboldo Dragonshield + 4 x Coboldo Alato + 5 x Coboldo"
"","","","","","Coboldi: 1 x Coboldo Scale Sorcerer + 1 x Coboldo Dragonshield + 4 x Coboldo Alato + 5 x Coboldo"
"","","","","","Coboldi: 2 x Coboldo Scale Sorcerer + 4 x Coboldo Inventore + 5 x Coboldo"
"","","","","","Coboldi: 2 x Coboldo Dragonshield + 4 x Coboldo Inventore + 5 x Coboldo"
"","","","","","Coboldi: 1 x Coboldo Scale Sorcerer + 1 x Coboldo Dragonshield + 4 x Coboldo Inventore + 5 x Coboldo"
"","","","","","Coboldi: 6 x Coboldo Scale Sorcerer + 4 x Coboldo Alato + 4 x Coboldo"
"","","","","","Coboldi: 6 x Coboldo Dragonshield + 4 x Coboldo Alato + 4 x Coboldo"
"","","","","","Coboldi: 3 x Coboldo Scale Sorcerer + 3 x Coboldo Dragonshield + 4 x Coboldo Alato + 4 x Coboldo"
"","","","","","Coboldi: 6 x Coboldo Scale Sorcerer + 4 x Coboldo Inventore + 4 x Coboldo"
"","","","","","Coboldi: 6 x Coboldo Dragonshield + 4 x Coboldo Inventore + 4 x Coboldo"
"","","","","","Coboldi: 3 x Coboldo Scale Sorcerer + 3 x Coboldo Dragonshield + 4 x Coboldo Inventore + 4 x Coboldo"
"","","","","","Coboldi: 6 x Coboldo Scale Sorcerer + 4 x Coboldo Alato + 5 x Coboldo"
"","","","","","Coboldi: 6 x Coboldo Dragonshield + 4 x Coboldo Alato + 5 x Coboldo"
"","","","","","Coboldi: 3 x Coboldo Scale Sorcerer + 3 x Coboldo Dragonshield + 4 x Coboldo Alato + 5 x Coboldo"
"","","","","","Coboldi: 6 x Coboldo Scale Sorcerer + 4 x Coboldo Inventore + 5 x Coboldo"
"","","","","","Coboldi: 6 x Coboldo Dragonshield + 4 x Coboldo Inventore + 5 x Coboldo"
"","","","","","Coboldi: 3 x Coboldo Scale Sorcerer + 3 x Coboldo Dragonshield + 4 x Coboldo Inventore + 5 x Coboldo"
"","","","","","Coboldi: 6 x Coboldo Scale Sorcerer + 4 x Coboldo Alato + 12 x Coboldo"
"","","","","","Coboldi: 6 x Coboldo Dragonshield + 4 x Coboldo Alato + 10 x Coboldo"
"","","","","","Coboldi: 3 x Coboldo Scale Sorcerer + 3 x Coboldo Dragonshield + 4 x Coboldo Alato + 12 x Coboldo"
"","","","","","Coboldi: 6 x Coboldo Scale Sorcerer + 4 x Coboldo Inventore + 12 x Coboldo"
"","","","","","Coboldi: 6 x Coboldo Dragonshield + 4 x Coboldo Inventore + 12 x Coboldo"
"","","","","","Coboldi: 3 x Coboldo Scale Sorcerer + 3 x Coboldo Dragonshield + 4 x Coboldo Inventore + 12 x Coboldo"
"","","","","","Coboldi: 8 x Coboldo Scale Sorcerer + 4 x Coboldo Alato + 12 x Coboldo"
"","","","","","Coboldi: 8 x Coboldo Dragonshield + 4 x Coboldo Alato + 12 x Coboldo"
"","","","","","Coboldi: 4 x Coboldo Scale Sorcerer + 4 x Coboldo Dragonshield + 4 x Coboldo Alato + 12 x Coboldo"
"","","","","","Coboldi: 8 x Coboldo Scale Sorcerer + 4 x Coboldo Inventore + 12 x Coboldo"
"","","","","","Coboldi: 8 x Coboldo Dragonshield + 4 x Coboldo Inventore + 12 x Coboldo"
"","","","","","Coboldi: 4 x Coboldo Scale Sorcerer + 4 x Coboldo Dragonshield + 4 x Coboldo Inventore + 12 x Coboldo"
"","","","","","Coboldi: 8 x Coboldo Scale Sorcerer + 10 x Coboldo Alato + 12 x Coboldo"
"","","","","","Coboldi: 8 x Coboldo Dragonshield + 10 x Coboldo Alato + 12 x Coboldo"
"","","","","","Coboldi: 4 x Coboldo Scale Sorcerer + 4 x Coboldo Dragonshield + 10 x Coboldo Alato + 12 x Coboldo"
"","","","","","Coboldi: 8 x Coboldo Scale Sorcerer + 10 x Coboldo Inventore + 12 x Coboldo"
"","","","","","Coboldi: 8 x Coboldo Dragonshield + 10 x Coboldo Inventore + 12 x Coboldo"
"","","","","","Coboldi: 4 x Coboldo Scale Sorcerer + 4 x Coboldo Dragonshield + 10 x Coboldo Inventore + 12 x Coboldo"
"","","","","","Coboldi: 10 x Coboldo Scale Sorcerer + 10 x Coboldo Alato + 12 x Coboldo"
"","","","","","Coboldi: 10 x Coboldo Dragonshield + 10 x Coboldo Alato + 12 x Coboldo"
"","","","","","Coboldi: 5 x Coboldo Scale Sorcerer + 5 x Coboldo Dragonshield + 10 x Coboldo Alato + 12 x Coboldo"
"","","","","","Coboldi: 10 x Coboldo Scale Sorcerer + 10 x Coboldo Inventore + 12 x Coboldo"
"","","","","","Coboldi: 10 x Coboldo Dragonshield + 10 x Coboldo Inventore + 12 x Coboldo"
"","","","","","Coboldi: 5 x Coboldo Scale Sorcerer + 5 x Coboldo Dragonshield + 10 x Coboldo Inventore + 12 x Coboldo"
"Male","","Arbusto Maligno","Maligni","A breve","Maligni: 2 x Rampicante Maligno + 4 x Ago Maligno + 5 x Arbusto Maligno"
"","","Ago Maligno","","",""
"","","Rampicante Maligno","","",""
"","","","","","Maligni: 3 x Rampicante Maligno + 4 x Ago Maligno + 6 x Arbusto Maligno"
"","","","","","Maligni: 4 x Rampicante Maligno + 7 x Ago Maligno + 14 x Arbusto Maligno"
"","","","","","Maligni: 6 x Rampicante Maligno + 9 x Ago Maligno + 14 x Arbusto Maligno"
"","","","","","Maligni: 8 x Rampicante Maligno + 11 x Ago Maligno + 14 x Arbusto Maligno"
"","","","","","Maligni: 11 x Rampicante Maligno + 14 x Ago Maligno + 14 x Arbusto Maligno"
"","","","","","Maligni: 14 x Rampicante Maligno + 14 x Ago Maligno + 14 x Arbusto Maligno"
"","","","","","Maligni: 14 x Rampicante Maligno + 14 x Ago Maligno + 28 x Arbusto Maligno"
"Male","","Yeenoghu","Gnoll","Attivo","Gnoll: 2 x Gnoll Flesh Gnawer + 4 x Gnoll"
"","","Maw Demon","","",""
"","","Gnoll zanna di Yeenoghu","","",""
"","","Shoosuva","","",""
"","","Gnoll Witherling","","",""
"","","Gnoll","","",""
"","","Gnoll Hunter","","",""
"","","Gnoll Flesh Gnawer","","",""
"","","Gnoll Signore del Branco","","",""
"","","Gnoll Flind","","",""
"","","","","","Gnoll: 1 x Gnoll Signore del Branco + 4 x Gnoll Hunter"
"","","","","","Gnoll: 2 x Gnoll Flesh Gnawer + 4 x Gnoll Hunter"
"","","","","","Gnoll: 1 x Gnoll Signore del Branco + 4 x Gnoll"
"","","","","","Gnoll: 2 x Gnoll Flesh Gnawer + 5 x Gnoll"
"","","","","","Gnoll: 1 x Gnoll Signore del Branco + 5 x Gnoll Hunter"
"","","","","","Gnoll: 2 x Gnoll Flesh Gnawer + 5 x Gnoll Hunter"
"","","","","","Gnoll: 1 x Gnoll Signore del Branco + 5 x Gnoll"
"","","","","","Gnoll: 1 x Gnoll Flind"
"","","","","","Gnoll: 1 x Gnoll Signore del Branco + 3 x Gnoll Flesh Gnawer + 6 x Gnoll"
"","","","","","Gnoll: 3 x Gnoll Flesh Gnawer + 8 x Gnoll"
"","","","","","Gnoll: 2 x Gnoll Signore del Branco + 8 x Gnoll Hunter"
"","","","","","Gnoll: 3 x Gnoll Flesh Gnawer + 8 x Gnoll Hunter"
"","","","","","Gnoll: 2 x Gnoll Signore del Branco + 8 x Gnoll"
"","","","","","Gnoll: 1 x Gnoll Flind"
"","","","","","Gnoll: 1 x Gnoll zanna di Yeenoghu + 2 x Gnoll Signore del Branco + 4 x Gnoll"
"","","","","","Gnoll: 1 x Gnoll zanna di Yeenoghu + 6 x Maw Demon"
"","","","","","Gnoll: 2 x Gnoll Signore del Branco + 2 x Gnoll Flesh Gnawer + 7 x Gnoll"
"","","","","","Gnoll: 1 x Gnoll zanna di Yeenoghu + 2 x Gnoll Flesh Gnawer + 7 x Gnoll"
"","","","","","Gnoll: 5 x Gnoll Flesh Gnawer + 8 x Gnoll"
"","","","","","Gnoll: 3 x Gnoll Signore del Branco + 7 x Gnoll Hunter"
"","","","","","Gnoll: 5 x Gnoll Flesh Gnawer + 7 x Gnoll Hunter"
"","","","","","Gnoll: 3 x Gnoll Signore del Branco + 7 x Gnoll"
"","","","","","Gnoll: 1 x Gnoll zanna di Yeenoghu + 2 x Gnoll Signore del Branco + 7 x Gnoll"
"","","","","","Gnoll: 1 x Gnoll zanna di Yeenoghu + 7 x Maw Demon"
"","","","","","Gnoll: 2 x Gnoll Signore del Branco + 2 x Gnoll Flesh Gnawer + 7 x Gnoll"
"","","","","","Gnoll: 1 x Gnoll zanna di Yeenoghu + 2 x Gnoll Signore del Branco + 2 x Gnoll Flesh Gnawer + 3 x Gnoll"
"","","","","","Gnoll: 7 x Gnoll Flesh Gnawer + 7 x Gnoll"
"","","","","","Gnoll: 3 x Gnoll Signore del Branco + 9 x Gnoll Hunter"
"","","","","","Gnoll: 7 x Gnoll Flesh Gnawer + 7 x Gnoll Hunter"
"","","","","","Gnoll: 3 x Gnoll Signore del Branco + 9 x Gnoll"
"","","","","","Gnoll: 1 x Gnoll Flind + 1 x Gnoll Signore del Branco"
"","","","","","Gnoll: 1 x Gnoll zanna di Yeenoghu + 3 x Gnoll Signore del Branco + 5 x Maw Demon"
"","","","","","Gnoll: 1 x Gnoll zanna di Yeenoghu + 3 x Gnoll Signore del Branco + 3 x Gnoll Flesh Gnawer + 3 x Gnoll"
"","","","","","Gnoll: 2 x Gnoll Signore del Branco + 6 x Gnoll Flesh Gnawer + 6 x Gnoll"
"","","","","","Gnoll: 4 x Gnoll Signore del Branco + 10 x Gnoll Hunter"
"","","","","","Gnoll: 4 x Gnoll Signore del Branco + 10 x Gnoll"
"","","","","","Gnoll: 1 x Gnoll Flind + 1 x Gnoll zanna di Yeenoghu"
"","","","","","Gnoll: 1 x Gnoll zanna di Yeenoghu + 3 x Gnoll Signore del Branco + 6 x Maw Demon"
"","","","","","Gnoll: 2 x Gnoll zanna di Yeenoghu + 3 x Gnoll Signore del Branco + 2 x Gnoll Flesh Gnawer"
"","","","","","Gnoll: 4 x Gnoll Signore del Branco + 5 x Gnoll Flesh Gnawer + 5 x Gnoll"
"","","","","","Gnoll: 5 x Gnoll Signore del Branco + 9 x Gnoll Hunter"
"","","","","","Gnoll: 5 x Gnoll Signore del Branco + 9 x Gnoll"
"","","","","","Gnoll: 1 x Shoosuva + 1 x Gnoll zanna di Yeenoghu + 4 x Gnoll Flesh Gnawer"
"","","","","","Gnoll: 1 x Gnoll zanna di Yeenoghu + 3 x Gnoll Signore del Branco + 4 x Maw Demon + 3 x Gnoll Flesh Gnawer"
"","","","","","Gnoll: 2 x Gnoll zanna di Yeenoghu + 3 x Gnoll Signore del Branco + 5 x Gnoll Flesh Gnawer"
"","","","","","Gnoll: 6 x Gnoll Signore del Branco + 4 x Gnoll Flesh Gnawer + 4 x Gnoll"
"","","","","","Gnoll: 7 x Gnoll Signore del Branco + 7 x Gnoll Hunter"
"","","","","","Gnoll: 7 x Gnoll Signore del Branco + 7 x Gnoll"
"Bene","","Tortle","Tortle","A breve",""
"","","Tortle Druid","","",""
"Bene","","Grung","Grung","A breve",""
"","","Grung Wildling","","",""
"","","Grung Elite Warrior","","",""
"Male","","Troll","Troll","Attivo",""
"","","Troll Venom","","",""
"","","Troll Rot","","",""
"","","Troll Spirit","","",""
"","","Troll, Dire","","",""
"Male","","Sciacallo Mannaro","Licantropi","A breve",""
"","","Ratto Mannaro","","",""
"","","Lupo Mannaro","","",""
"","","Cinghiale Mannaro","","",""
"","","Tigre Mannara","","",""
"","","Orso Mannaro","","",""
"Bene","","Froghemoth","Bullywug","A breve",""
"","","Bullywug","","",""
"Bene","","Kuo-toa","Kuo-toa","A breve",""
"","","Kuo-toa Esecutore","","",""
"","","Kuo-toa Sacerdote","","",""
"Male","","Balhannoth","Drow","A breve",""
"","","Draegloth","","",""
"","","Chitine","","",""
"","","Choldrith","","",""
"","","Drider","","",""
"","","Drow","","",""
"","","Drow Combattente Scelto","","",""
"","","Drow Mago","","",""
"","","Drow Sacerdotessa di Lolth","","",""
"","","Drow House Captain","","",""
"","","Drow Shadowblade","","",""
"","","Drow Arachnomancer","","",""
"","","Drow Inquisitor","","",""
"","","Drow Favored Consort","","",""
"","","Drow Matron Mother","","",""
"","","Duergar","Nani","A breve",""
"","","Duergar Soulblade","","",""
"","","Duergar Hammerer","","",""
"","","Duergar Kavalrachni","","",""
"","","Duergar Mind Master","","",""
"","","Duergar Stone Guard","","",""
"","","Duergar Xarrorn","","",""
"","","Duergar Screamer","","",""
"","","Duergar Warlord","","",""
"","","Duergar Despot","","",""
"Male","","Steeder Male","Duergar","A breve",""
"","","Steeder Female","","",""
"","","Duergar","","",""
"","","Duergar Soulblade","","",""
"","","Duergar Hammerer","","",""
"","","Duergar Kavalrachni","","",""
"","","Duergar Mind Master","","",""
"","","Duergar Stone Guard","","",""
"","","Duergar Xarrorn","","",""
"","","Duergar Screamer","","",""
"","","Duergar Warlord","","",""
"","","Duergar Despot","","",""
"","","Delfino","Elfi","Dopo",""
"","","Drow","","",""
"","","Drow Combattente Scelto","","",""
"","","Drow Mago","","",""
"","","Drow Sacerdotessa di Lolth","","",""
"","","Drow House Captain","","",""
"","","Drow Shadowblade","","",""
"","","Drow Arachnomancer","","",""
"","","Drow Inquisitor","","",""
"","","Drow Favored Consort","","",""
"","","Drow Matron Mother","","",""
"","","Eladrin, Autumn","","",""
"","","Eladrin, Spring","","",""
"","","Eladrin, Summer ","","",""
"","","Eladrin, Winter","","",""
"","","Shadar-Kai Shadow Dancer","","",""
"","","Shadar-Kai Gloom Weaver","","",""
"","","Shadar-Kai Soul Monger","","",""
"Male","Specchio","Shadow Mastiff","Shadar-Kai","Dopo",""
"","","Shadow Mastiff Alpha","","",""
"","","Shadar-Kai Shadow Dancer","","",""
"","","Shadar-Kai Gloom Weaver","","",""
"","","Shadar-Kai Soul Monger","","",""
"","","Gigante delle Colline","Giganti","A breve",""
"","","Gigante del Fuoco","","",""
"","","Gigante del Fuoco - Dreadnought","","",""
"","","Gigante del Gelo","","",""
"","","Gigante del Gelo - Everlasting One","","",""
"","","Gigante delle Nuvole","","",""
"","","Gigante delle Nuvole - Smiling One","","",""
"","","Gigante delle Pietre","","",""
"","","Gigante delle Pietre - Dreamwalker","","",""
"","","Gigante delle Tempeste","","",""
"","","Gigante delle Tempeste - Quinta essenza","","",""
"","","Behir","","",""
"Male","","Megera Marina","Megere","Dopo",""
"","","Megera Verde","","",""
"","","Annis Hag","","",""
"","","Bheur Hag","","",""
"","","Megera Notturna","","",""
"","","Banderhobb","","",""
"","","Steel Predator","Steeder","Non attivare",""
"","","Sorrowsworn, Wretched","Sorrowsworn","Non attivare",""
"","","Sorrowsworn, Lost","","",""
"","","Sorrowsworn, Lonely","","",""
"","","Sorrowsworn, Hungry","","",""
"","","Sorrowsworn, Angry","","",""
"","","Naga Spirituale","Naga","Dopo",""
"","","Naga Guardiana","","",""
"","","Bone Naga Spirit","","",""
"","","Bone Naga Guardian","","",""
"","","Kruthik Young","Kruthik","Non attivare",""
"","","Kruthik, Adult","","",""
"","","Kruthik Hive Lord","","",""
"","","Giff","Giff","Dopo",""
"","","Aarakockra","Aarakockra","Dopo",""
"","","Eladrin, Autumn","Eladrin","Dopo",""
"","","Eladrin, Spring","","",""
"","","Eladrin, Summer ","","",""
"","","Eladrin, Winter","","",""
"","","Derro","Derro","Non attivare",""
"","","Derro Savant","","",""
"Bene","","Merfolk","Merfolk","A breve",""
"","","Troglodita","Trogloditi","Dopo",""
"","","Kenku","Kenku","A breve",""
"Bene","","Clockwork Bronze Scout","Gnomi","A breve",""
"","","Clockwork Iron Cobra","","",""
"","","Clockwork Stone Defender","","",""
"","","Clockwork Oaken Bolter","","",""
"","","Deep Gnome (Svirfneblin)","","",""
"","","Thri-kreen","Thri-kreen","Dopo",""
"","","Bandito","Banditi","Attivo","Banditi: 1 x Capo dei Banditi + 8 x Bandito"
"","","Capo dei Banditi","","",""
"","","","","","Banditi: 2 x Capo dei Banditi + 1 x Bandito"
"","","","","","Banditi: 1 x Capo dei Banditi + 10 x Bandito"
"","","","","","Banditi: 2 x Capo dei Banditi + 4 x Bandito"
"","","","","","Banditi: 1 x Capo dei Banditi + 26 x Bandito"
"","","","","","Banditi: 2 x Capo dei Banditi + 13 x Bandito"
"","","","","","Banditi: 3 x Capo dei Banditi + 8 x Bandito"
"","","","","","Banditi: 4 x Capo dei Banditi + 3 x Bandito"
"","","","","","Banditi: 1 x Capo dei Banditi + 38 x Bandito"
"","","","","","Banditi: 2 x Capo dei Banditi + 20 x Bandito"
"","","","","","Banditi: 3 x Capo dei Banditi + 11 x Bandito"
"","","","","","Banditi: 4 x Capo dei Banditi + 7 x Bandito"
"","","","","","Banditi: 5 x Capo dei Banditi + 3 x Bandito"
"","","","","","Banditi: 1 x Capo dei Banditi + 50 x Bandito"
"","","","","","Banditi: 2 x Capo dei Banditi + 32 x Bandito"
"","","","","","Banditi: 3 x Capo dei Banditi + 14 x Bandito"
"","","","","","Banditi: 4 x Capo dei Banditi + 10 x Bandito"
"","","","","","Banditi: 5 x Capo dei Banditi + 5 x Bandito"
"","","","","","Banditi: 6 x Capo dei Banditi + 1 x Bandito"
"","","","","","Banditi: 1 x Capo dei Banditi + 66 x Bandito"
"","","","","","Banditi: 2 x Capo dei Banditi + 48 x Bandito"
"","","","","","Banditi: 3 x Capo dei Banditi + 30 x Bandito"
"","","","","","Banditi: 4 x Capo dei Banditi + 12 x Bandito"
"","","","","","Banditi: 5 x Capo dei Banditi + 9 x Bandito"
"","","","","","Banditi: 6 x Capo dei Banditi + 5 x Bandito"
"","","","","","Banditi: 7 x Capo dei Banditi + 3 x Bandito"
"","","","","","Banditi: 1 x Capo dei Banditi + 78 x Bandito"
"","","","","","Banditi: 2 x Capo dei Banditi + 60 x Bandito"
"","","","","","Banditi: 3 x Capo dei Banditi + 42 x Bandito"
"","","","","","Banditi: 4 x Capo dei Banditi + 24 x Bandito"
"","","","","","Banditi: 5 x Capo dei Banditi + 10 x Bandito"
"","","","","","Banditi: 6 x Capo dei Banditi + 8 x Bandito"
"","","","","","Banditi: 7 x Capo dei Banditi + 4 x Bandito"
"","","","","","Banditi: 8 x Capo dei Banditi + 2 x Bandito"
"","","","","","Banditi: 1 x Capo dei Banditi + 94 x Bandito"
"","","","","","Banditi: 2 x Capo dei Banditi + 76 x Bandito"
"","","","","","Banditi: 3 x Capo dei Banditi + 58 x Bandito"
"","","","","","Banditi: 4 x Capo dei Banditi + 40 x Bandito"
"","","","","","Banditi: 5 x Capo dei Banditi + 22 x Bandito"
"","","","","","Banditi: 6 x Capo dei Banditi + 9 x Bandito"
"","","","","","Banditi: 7 x Capo dei Banditi + 7 x Bandito"
"","","","","","Banditi: 8 x Capo dei Banditi + 6 x Bandito"
"","","","","","Banditi: 9 x Capo dei Banditi + 1 x Bandito"
"","","","","","Banditi: 10 x Capo dei Banditi"
"","","","","","Banditi: 5 x Capo dei Banditi"
"","","","","","Banditi: 9 x Capo dei Banditi"
"","","","","","Banditi: 8 x Capo dei Banditi"
"","","","","","Banditi: 6 x Capo dei Banditi"
"Bene","Esterno","Deva","Angeli","Dopo",""
"","","Planetar","","",""
"","","Solar","","",""
"Neutrale","Esterno","Monodrone","Monodroni","Non attivare",""
"","","Duodrone","","",""
"","","Tridrone","","",""
"","","Quadrone","","",""
"","","Pentadrone","","",""
"","","Gazer","Beholder","Dopo",""
"","","Spectator","","",""
"","","Gauth","","",""
"","","Death Kiss","","",""
"","","Beholder","","",""
"Male","","Xvart","Xvart","Non attivare",""
"","","Xvart Warlock of Raxivort","","",""
"Male","Esterno","Lemure","Diavoli","A breve",""
"","","Imp","","",""
"","","Diavolo Spinato","","",""
"","","Diavolo Barbuto","","",""
"","","Diavolo Uncinato","","",""
"","","Diavolo delle Catene","","",""
"","","Diavolo d'Ossa","","",""
"","","Diavolo Cornuto","","",""
"","","Erinni","","",""
"","","Diavolo del ghiaccio ","","",""
"","","Diavolo della Fossa","","",""
"","","Arciduca","","",""
"","","Duca","","",""
"","","Nupperibo","","",""
"","","Merregon","","",""
"","","White Abishai","","",""
"","","Armanite","","",""
"","","Black Abishai","","",""
"","","Orthon","","",""
"","","Narzugon","","",""
"","","Green Abishai","","",""
"","","Hellfire Engine","","",""
"","","Titivilus","","",""
"","","Blue Abishai","","",""
"","","Red Abishai","","",""
"","","Hutijin","","",""
"","","Moloch","","",""
"","","Geryon","","",""
"","","Zuggtmoy","","",""
"","","Zariel","","",""
"","","Incubo","","",""
"","","Succube","","",""
"","","Cambion","","",""
"","","Rakshasa","","",""
"","","Elementare della Terra","Terra","Dopo",""
"","","Flail Snail","","",""
"","","Dao","","",""
"","","Gargoyle","","",""
"","","Xorn","","",""
"","","Galeb Duhr","","",""
"","","Elemental Myrmidon, Earth","","",""
"","","Zaratan","","",""
"","","Elementare dell'Acqua","Acqua","Dopo",""
"","","Marid","","",""
"","","Fatale dell'acqua","","",""
"","","Elemental Myrmidon, Water","","",""
"","","Morkoth","","",""
"","","Leviathan","","",""
"","","Elementare dell'Aria","Aria","Dopo",""
"","","Djinni","","",""
"","","Cacciatore Invisibile","","",""
"","","Elemental Myrmidon, Air","","",""
"","","Elder Tempest","","",""
"","","Aarakockra","","",""
"","","Scarabeo di Fuoco Gigante","Fuoco","Dopo",""
"","","Elementale del Fuoco","","",""
"","","Azer","","",""
"","","Efreeti","","",""
"","","Serpente di Fuoco","","",""
"","","Gigante del Fuoco","","",""
"","","Gigante del Fuoco - Dreadnought","","",""
"","","Fuoco Fatuo","","",""
"","","Boggle","Feywild","Dopo",""
"","","Pixie","","",""
"","","Spiritello","","",""
"","","Satiro","","",""
"","","Darkling","","",""
"","","Driade","","",""
"","","Quickling","","",""
"","","Darkling Elder","","",""
"","","Redcap","","",""
"","","Korred","","",""
"","","Quaggoth","Quaggoth","Non attivare",""
